director_id,director_name
1,James Cameron
2,Gore Verbinski
3,Sam Mendes
4,Christopher Nolan
5,Doug Walker
6,Andrew Stanton
7,Nathan Greno
8,Joss Whedon
9,David Yates
10,Zack Snyder
11,Bryan Singer
12,Marc Forster
13,Andrew Adamson
14,Rob Marshall
15,Barry Sonnenfeld
16,Peter Jackson
17,Marc Webb
18,Ridley Scott
19,Chris Weitz
20,Anthony Russo
21,Peter Berg
22,Colin Trevorrow
23,Sam Raimi
24,Shane Black
25,Brett Ratner
26,Dan Scanlon
27,Michael Bay
28,John Lasseter
29,Martin Campbell
30,Lee Unkrich
31,McG
32,James Wan
33,J.J. Abrams
34,Mike Newell
35,Guillermo del Toro
36,Steven Spielberg
37,Peter Sohn
38,Mark Andrews
39,Justin Lin
40,Roland Emmerich
41,Robert Zemeckis
42,Lana Wachowski
43,Pete Docter
44,Rob Letterman
45,Jon Favreau
46,Martin Scorsese
47,Rob Cohen
48,David Ayer
49,Tom Shadyac
50,Doug Liman
51,Kevin Reynolds
52,Stephen Sommers
53,Rupert Sanders
54,Robert Stromberg
55,Matt Reeves
56,Carl Rinsch
57,Mike Mitchell
58,Brad Bird
59,Don Hall
60,Rich Moore
61,Dean DeBlois
62,Jonathan Mostow
63,James Gunn
64,David Fincher
65,Matthew Vaughn
66,Francis Lawrence
67,Jon Turteltaub
68,Wolfgang Petersen
69,James Bobin
70,Chris Miller
71,Duncan Jones
72,Alan Taylor
73,Michael Apted
74,Oliver Stone
75,Tim Burton
76,Eric Darnell
77,Shawn Levy
78,Gavin Hood
79,Chris Buck
80,George Miller
81,Ron Howard
82,Kenneth Branagh
83,Byron Howard
84,Hoyt Yeatman
85,Jonathan Liebesman
86,Christopher McQuarrie
87,Joe Johnston
88,Steve Hickner
89,Jennifer Yuh Nelson
90,M. Night Shyamalan
91,Simon Wells
92,David Bowers
93,Rob Minkoff
94,Lee Tamahori
95,Alessandro Carloni
96,Peter Ramsey
97,Dean Parisot
98,Edward Zwick
99,Alex Proyas
100,Richard Donner
101,Ang Lee
102,Jon M. Chu
103,Breck Eisner
104,Hironobu Sakaguchi
105,Peter Weir
106,Louis Leterrier
108,Alejandro G. Iñárritu
109,David Soren
110,Paul Greengrass
111,Mark Osborne
112,Peyton Reed
113,Bill Condon
114,Phillip Noyce
115,Darren Aronofsky
116,Alfonso Cuarón
117,Baz Luhrmann
118,Eric Leighton
119,Matt Birch
120,Tom McGrath
121,Chris Columbus
122,Robert Schwentke
123,Hideaki Anno
124,Carlos Saldanha
125,Guy Ritchie
126,John McTiernan
127,Tony Gilroy
128,Joel Schumacher
129,John Woo
130,Tim Story
131,Mark Steven Johnson
132,Neill Blomkamp
133,David Twohy
134,James L. Brooks
135,James Mangold
136,Joseph Kosinski
137,George Lucas
138,Kirk De Micco
139,Frédéric Forestier
140,Cedric Nicolas-Troyan
141,Roger Donaldson
142,Dave Green
143,Brad Peyton
144,Roger Spottiswoode
145,Steven Soderbergh
146,Michel Gondry
147,Noam Murro
148,Raja Gosnell
149,Will Finn
150,Jan de Bont
151,Len Wiseman
152,Michael Mann
153,Bo Welch
154,Ron Clements
155,Christopher Barnard
156,Peter Chelsom
157,Dominic Sena
158,Tony Scott
159,Paul Weitz
160,Adam McKay
161,Chuck Russell
162,Quentin Tarantino
163,Gary Trousdale
164,Mark Dindal
165,Simon West
166,Stefen Fangmeier
167,Spike Jonze
168,Chris Wedge
169,Peter Hyams
170,Paul Verhoeven
171,Tom Tykwer
172,Pitof
173,Brad Silberling
174,Patrick Hughes
175,Lawrence Guterman
176,Ron Underwood
177,Steve Martino
178,David Mamet
179,Yimou Zhang
180,Ash Brannon
181,Frank Oz
182,Jay Roach
183,Luc Besson
184,Michael Patrick King
185,Bibo Bergeron
186,Sergey Bodrov
187,Wally Pfister
188,Rupert Wyatt
189,Mark Waters
190,John Moore
191,Renny Harlin
192,Phil Lord
193,Ben Stiller
194,Tony Bancroft
195,Walt Becker
196,Dennis Dugan
197,Sydney Pollack
198,Thor Freudenthal
199,Brian De Palma
200,Mick Jackson
201,Alan J. Pakula
202,Kathryn Bigelow
203,Josh Trank
204,Andrey Konchalovskiy
205,Gary Ross
206,Paul W.S. Anderson
207,Genndy Tartakovsky
208,Kevin Lima
209,Daniel Espinosa
210,Nancy Meyers
211,Roger Allers
212,Neil Burger
213,Jean-Jacques Annaud
214,Sarah Smith
215,Martin Brest
216,Andrew Davis
217,Bob Fosse
218,Tarsem Singh
219,Edgar Wright
220,Jon Amiel
221,Peter Segal
222,Frank Coraci
223,Sylvester Stallone
224,Todd Phillips
225,Tim Johnson
226,Gary Winick
227,Mimi Leder
228,Seth Gordon
229,Adam Shankman
230,D.J. Caruso
231,Anthony Minghella
232,Albert Hughes
233,Les Mayfield
234,Joe Pytka
235,Ivan Reitman
236,Eric Brevig
237,Kelly Asbury
238,Stephen Hopkins
239,Jonathan Demme
240,Henry Jaglom
241,James Algar
242,Vincent Ward
243,Steven Brill
244,Terry Gilliam
245,Lucile Hadzihalilovic
246,Barry Cook
247,Roger Christian
248,Joe Dante
249,Kevin Costner
250,Antony Hoffman
251,Jacques Perrin
252,Andrés Couturier
253,Cody Cameron
254,John Singleton
255,Oliver Hirschbiegel
256,Des McAnuff
257,Yarrow Cheney
258,Stephen Norrington
259,Pierre Coffin
260,Timur Bekmambetov
261,David Kellogg
262,Mike Nichols
263,F. Gary Gray
264,Antoine Fuqua
265,Robert Luketic
266,Gil Kenan
267,Barry Levinson
268,Jerry Zucker
269,Andy Tennant
270,Florent-Emilio Siri
271,Don Bluth
272,Ron Shelton
273,David Pastor
274,Henry Selick
275,Kyle Balda
276,Clay Kaytis
277,Judd Apatow
278,Steve Carr
279,Mel Gibson
280,David Silverman
281,Frank Darabont
282,Betty Thomas
283,Garry Marshall
284,Paul Tibbitt
285,Clark Johnson
286,Cameron Crowe
287,Randall Wallace
288,Jonathan Frakes
289,George Clooney
290,Gary Shore
291,Andrzej Bartkowiak
292,Måns Mårlind
293,Gregory Hoblit
294,Gary McKendry
295,Wych Kaosayananda
296,Mikael Salomon
297,Bobby Farrelly
298,Kerry Conran
299,Michael Caton-Jones
300,Mikael Håfström
301,Phil Alden Robinson
302,David Slade
303,Joseph Ruben
304,Seth MacFarlane
305,Alejandro Amenábar
306,Kinka Usher
307,Craig Gillespie
308,Rob Bowman
309,Doug Lefler
310,Scott Waugh
311,Lawrence Kasdan
312,Michael Lembeck
313,Tom Hooper
314,Nora Ephron
315,Clint Eastwood
316,Larry Charles
317,Stanley Kubrick
318,Will Gluck
319,Glenn Ficarra
320,David S. Goyer
321,John Milius
322,Taylor Hackford
323,Michael Lehmann
324,Stuart Beattie
325,Roman Polanski
326,Frank Miller
327,Baltasar Kormákur
328,Daniel Lee
329,Keenen Ivory Wayans
330,Rob Reiner
331,Marco Schnabel
332,Demian Lichtenstein
333,Josh Gordon
334,Tim Hill
335,David Frankel
336,Brenda Chapman
337,Marc Lawrence
338,Peter Billingsley
339,Wes Ball
340,Ryan Murphy
341,Robert Redford
342,Jay Russell
343,Kenny Ortega
344,David McNally
345,Brian Robbins
346,Brian Levant
347,Steven Zaillian
348,Chris Butler
349,Jon Avnet
350,Sam Fell
351,Kevin Donovan
352,Geoff Murphy
353,David O. Russell
354,Babak Najafi
355,Jean-Pierre Jeunet
356,Graham Annable
357,Griffin Dunne
358,John Pasquin
359,Ruben Fleischer
360,Harold Ramis
361,Kevin Macdonald
362,Donald Petrie
363,Jorge Blanco
364,Stuart Baird
365,Joel Coen
366,Robert Lorenz
367,Joe Wright
368,Scott Stewart
369,Patrick Gilmore
370,Tony Bill
371,Rod Lurie
372,Walter Hill
373,Akiva Goldsman
374,Harald Zwart
375,Walter Salles
376,Iain Softley
377,David Koepp
378,Uwe Boll
379,Pou-Soi Cheang
380,John Dahl
381,Tim Miller
382,Stephen Herek
383,Peter MacDonald
384,Anthony Hemingway
385,Sean Anders
386,Mark Neveldine
387,John Madden
388,Kevin Bray
389,Mike Gabriel
390,Sam Weisman
391,Jesse Dylan
392,Wayne Wang
393,Gabriele Muccino
394,Tom Dey
395,Jimmy Hayward
396,Alan Parker
397,John Frankenheimer
398,Paul King
399,William Friedkin
400,Kent Alterman
401,Peter Lord
402,Shekhar Kapur
403,Karyn Kusama
404,Ron Maxwell
405,Robert Butler
406,Karey Kirkpatrick
407,Steve Antin
408,Jim Gillespie
409,Francis Ford Coppola
410,Richard Lester
411,Harold Becker
412,Scott Cooper
413,Robert Rodriguez
414,Curtis Hanson
415,Phyllida Lloyd
416,Jay Chandrasekhar
417,Terrence Malick
418,David Dobkin
419,Milos Forman
420,Pierre Morel
421,Paul Hunter
422,Steve Oedekerk
423,John Whitesell
424,George Nolfi
425,Neil Jordan
426,Rawson Marshall Thurber
427,Spike Lee
428,Brian Helgeland
429,Frank Marshall
430,Hideo Nakata
431,Peter Hewitt
432,Joe Roth
433,Bennett Miller
434,Jaume Collet-Serra
435,Andy Fickman
436,James McTeigue
437,Matthew O'Callaghan
438,Angela Robinson
439,Gary Fleder
440,Tommy Wirkola
441,Adrian Lyne
442,Jorge R. Gutiérrez
443,Richard Loncraine
444,Christophe Gans
445,Howard Deutch
446,Jon Hurwitz
447,Steven Quale
448,John Landis
449,Alexander Witt
450,Beeban Kidron
451,Carl Franklin
452,Steven Seagal
453,Danny Boyle
454,Andrew Bergman
455,Peter Webber
456,Andrew Niccol
457,John Carpenter
458,Wes Anderson
459,David Cronenberg
460,John Stockwell
461,David Gordon Green
462,Jim Sheridan
463,Costa-Gavras
464,Patrick Read Johnson
465,Roland Joffé
466,Richard LaGravenese
467,Danny DeVito
468,George Armitage
469,Patrick Lussier
470,James Wong
471,Richard Curtis
472,Chuck Bowman
473,Olivier Megaton
474,Deepa Mehta
475,Warren Beatty
476,Penny Marshall
477,Andrei Tarkovsky
478,Paul Bolger
479,Stephen Frears
480,P.J. Hogan
481,Brad Furman
482,Terence Young
483,David Zucker
484,Denis Villeneuve
485,Thomas Carter
486,Roger Michell
487,Luis Llosa
488,Melville Shavelson
489,Garth Jennings
490,Joel Zwick
491,Russell Mulcahy
492,David R. Ellis
493,Peter Howitt
494,John A. Davis
495,David Lynch
496,Mathieu Kassovitz
497,John Gray
498,John Schultz
499,Sean Penn
500,Susan Stroman
501,Pete Travis
502,Simon Wincer
503,Billy Bob Thornton
504,Danny Pang
505,George P. Cosmatos
506,Oliver Parker
507,Lawrence Kasanoff
508,Ben Affleck
509,Brian Gibson
510,Norman Ferguson
511,Michael Cimino
512,Gus Van Sant
513,Roger Kumble
514,Burr Steers
515,John Hamburg
516,Reginald Hudlin
517,Paul Feig
518,Joseph L. Mankiewicz
519,Barbra Streisand
520,Mark Pellington
521,John Glen
522,Catherine Hardwicke
523,John Herzfeld
524,Annabel Jankel
525,Julie Anne Robinson
526,Evan Goldberg
527,Sngmoo Lee
528,Jamel Debbouze
529,Gordon Chan
530,Asger Leth
531,Anne Fletcher
532,Bruce Beresford
533,Sam Taylor-Johnson
534,Ken Kwapis
535,Wes Craven
536,Etan Cohen
537,Angelina Jolie Pitt
538,Nick Cassavetes
539,Nicholas Stoller
540,Mark A.Z. Dippé
541,Cal Brunker
542,Nimród Antal
543,Alejandro Agresti
544,Peter Hedges
545,Paul Weiland
546,Colin Strause
547,Joan Chen
548,Greg Mottola
549,Jake Kasdan
550,Diane Keaton
551,Kelly Makin
552,Stephen Daldry
553,Christian Duguay
554,Justin Chadwick
555,Pat O'Connor
556,Frederik Du Chau
557,Irwin Winkler
558,Joseph Kahn
559,Sofia Coppola
560,Barbet Schroeder
561,Stephen Kay
562,J.A. Bayona
563,Elaine May
564,Dennie Gordon
565,Charles Shyer
566,Ulu Grosbard
567,William Malone
568,Malcolm D. Lee
569,Jerry Jameson
570,Mic Rodgers
571,Christian Alvart
572,Jean-Marie Poiré
573,Marc F. Adler
574,Geoffrey Sax
575,Richard Shepard
576,Peter Ho-Sun Chan
577,Joon-ho Bong
578,Jeff Nathanson
579,S.S. Rajamouli
580,Charles S. Dutton
581,Jonathan Lynn
582,David Carson
583,Kar-Wai Wong
584,Yuefeng Song
585,Norman Jewison
586,David Mirkin
587,Luis Mandoki
588,Jeb Stuart
589,Steve Miner
590,Paul Thomas Anderson
591,David Leland
592,J Blakeson
593,Ryan Coogler
594,Kirk Jones
595,Ethan Coen
596,Jennifer Flackett
597,Kevin Smith
598,Christian Ditter
599,Charles Martin Smith
600,Fedor Bondarchuk
601,Irvin Kershner
602,Steve Pink
603,Scott Hicks
604,Chris Rock
605,Wilson Yip
606,John Lee Hancock
607,Robert Wise
608,Kevin Rodney Sullivan
609,Kevin Munroe
610,Michael Tollin
611,Patrick Tatopoulos
612,Gary David Goldberg
613,Alan Poul
614,Luke Greenfield
615,Gil Junger
616,Michael Ritchie
617,Steven E. de Souza
618,Alexandre Aja
619,Michael Rymer
620,Hugh Wilson
621,Mike Hodges
622,Susanna White
623,Chris Carter
624,Tommy O'Haver
625,Peter Landesman
626,Gary Chapman
627,Craig Mazin
628,Allen Hughes
629,Kimble Rendall
630,Peter Yates
631,Lasse Hallström
632,Jean-Marc Vallée
633,Hark Tsui
634,Lexi Alexander
635,Ronny Yu
636,Bille August
637,Moustapha Akkad
638,Jean-Paul Rappeneau
639,Joachim Rønning
640,Tony Kaye
641,Ken Scott
642,Hugh Johnson
643,Hayao Miyazaki
644,George Tillman Jr.
645,Hugh Hudson
646,Jeremy Degruson
647,Chris Gorak
648,Scott Speer
649,Joe Charbanic
650,Jonathan Hensleigh
651,Danny Cannon
652,Boaz Yakin
653,Richard Marquand
654,Neil Marshall
655,David Wain
656,Jared Hess
657,Rupert Wainwright
658,John Luessenhop
659,Justin Zackham
660,John Gatins
661,Miguel Sapochnik
662,Hyung-rae Shim
663,Don Scardino
664,Tim Robbins
665,Tom Reeve
666,Nanette Burstein
667,Ariel Vromen
668,Lewis Gilbert
669,John Francis Daley
670,J.B. Rogers
671,Michael Sucsy
672,Tom Vaughan
673,Lee Daniels
674,Stephen Hillenburg
675,Stig Bergqvist
676,Jason Reitman
677,Alexander Payne
678,Jonathan Levine
679,Rian Johnson
680,Chris Noonan
681,Michael McCullers
682,Forest Whitaker
683,Woody Allen
684,Peter Lepeniotis
685,Ted Demme
686,William Shatner
687,Steve Box
688,James Gartner
689,Lee Toland Krieger
690,Tim McCanlies
691,Drew Goddard
692,Jason Friedberg
693,Paul Michael Glaser
694,John R. Leonetti
695,Tom Hanks
696,Liz Friedlander
697,Phil Joanou
698,Shane Acker
699,Martha Coolidge
700,Stephen J. Anderson
701,Troy Miller
702,Tate Taylor
703,Brett Leonard
704,Scott Derrickson
705,Alister Grierson
706,Nick Hurran
707,Charles Stone III
708,Paul Haggis
709,Kurt Wimmer
710,Jean-François Richet
711,Kevin Hooks
712,Ellory Elkayem
713,Niki Caro
714,Vincenzo Natali
715,Willard Huyck
716,Gavin O'Connor
717,Bruce Hunt
718,Chris Roberts
719,Jee-woon Kim
720,Nick Hamm
721,Mike Disa
722,Richard J. Lewis
723,Sergio Leone
724,Niels Arden Oplev
725,Michael Radford
726,Steve Boyum
727,Kaige Chen
728,Corey Yuen
729,Andrew Dominik
730,Li Zhang
731,Laurent Tirard
732,Reinhard Klooss
733,Frédéric Auburtin
734,Olivier Dahan
735,Maksim Fadeev
736,Liliana Cavani
737,Greg Tiernan
738,Elizabeth Banks
739,Edward Norton
740,Ben Falcone
741,Richard Attenborough
742,Don Mancini
743,John Maybury
744,Igor Kovalyov
745,Shinji Aramaki
746,Miguel Arteta
747,James Gray
748,Janusz Kaminski
749,Robert B. Weide
750,Jeff Wadlow
751,Agustín Díaz Yanes
752,Camille Delamarre
753,David Lean
754,Richard Eyre
755,Nicholas Meyer
756,Callie Khouri
757,Sanaa Hamri
758,Todd Graff
759,Philip Kaufman
760,Saul Dibb
761,Walter Murch
762,Richard Linklater
763,E. Elias Merhige
764,Menno Meyjes
765,Jodie Foster
766,Scott Frank
767,Kevin Allen
768,Michael Cristofer
769,Andrew Morahan
770,Bob Rafelson
771,Michael Cohn
772,Alan Shapiro
773,Fernando Meirelles
774,Michael Hoffman
775,Oleg Stepchenko
776,Michael Winterbottom
777,Michael Pressman
778,Sharon Maguire
779,Charles Herman-Wurmfeld
780,Gabor Csupo
781,Tyler Perry
782,Joe Carnahan
783,John Polson
784,Bernardo Bertolucci
785,Cathy Malkasian
786,John Eng
787,Chris Nahon
788,Fred Wolf
789,Bille Woodruff
790,Victor Salva
791,Mark Helfrich
792,Steve Bendelack
793,Dwight H. Little
794,Guillaume Canet
795,Kirsten Sheridan
796,Richard Fleischer
797,Bob Spiers
798,Damien Dante Wayans
799,John Wells
800,Tim Fywell
801,Nigel Cole
802,Jeremy Leven
803,Sylvain White
804,Troy Nixey
805,Philip G. Atwell
806,Jeff Schaffer
807,Don Michael Paul
808,James Bridges
809,Steve Barron
810,Bill Paxton
811,Richard Kelly
812,Carter Smith
813,John Schlesinger
814,Ringo Lam
815,Akiva Schaffer
816,Tobe Hooper
817,Patricia Riggen
818,Pascal Chaumeil
819,Kimberly Peirce
820,Stephen Gaghan
821,Jonathan Kaplan
822,Richard Benjamin
823,Craig R. Baxley
824,John Hillcoat
825,John Guillermin
826,Marcos Siega
827,Rachel Talalay
828,Jeffrey W. Byrd
829,Atom Egoyan
830,Robert Towne
831,Giuseppe Tornatore
832,Werner Herzog
833,Ben Stassen
834,Jérôme Deschamps
835,Inna Evlannikova
836,Jonathan English
837,Sergey Bondarchuk
838,Teddy Chan
839,Mario Van Peebles
840,Leonard Nimoy
841,Ericson Core
842,Bonnie Hunt
843,Neil LaBute
844,Grant Heslov
845,George Gallo
846,Sidney Lumet
847,Douglas McGrath
848,Kevin Spacey
849,Richard Williams
850,Mary McGuckian
851,Tony Goldwyn
852,Dexter Fletcher
853,Jonathan Newman
854,Andy Cadiff
855,Michael Dinner
856,Joseph Sargent
857,Jerry Zaks
858,Fred Durst
859,Anne Fontaine
860,Mira Nair
861,Mel Brooks
862,Russell Crowe
863,Jessie Nelson
864,Christopher Spencer
865,Mike Bigelow
866,Paul McGuigan
867,Daniel Sackheim
868,Harry Elfont
869,Uli Edel
870,Fred Dekker
871,Brian Trenchard-Smith
872,Blake Edwards
873,Laurence Dunmore
874,Christian Carion
875,David Palmer
876,Rowan Joffe
877,John Curran
878,Juan José Campanella
879,Trey Parker
880,Stuart Gillard
881,Katt Shea
882,Joshua Michael Stern
883,Tomas Alfredson
884,John Duigan
885,Colin Higgins
886,Jim Sonzero
887,Penelope Spheeris
888,Jeff Tremaine
889,Jeannot Szwarc
890,Steve McQueen
891,Thea Sharrock
892,Aaron Seltzer
893,Robin Budd
894,Ava DuVernay
895,Steve Trenbirth
896,Mennan Yapo
897,Jun Falkenstein
898,Tom McCarthy
899,Takashi Shimizu
900,Gary Nelson
901,Anton Corbijn
902,Gregory Nava
903,John Patrick Shanley
904,Joshua Logan
905,Steve Beck
906,Todd Strauss-Schulson
907,John McNaughton
908,Nelson McCormick
909,Eric Valette
910,Andrew Fleming
911,Michael Spierig
912,Jim Field Smith
913,Thomas Bezucha
914,William Brent Bell
915,Anthony Bell
916,Jessica Bendinger
917,Henry Joost
918,Ed Harris
919,Alfred Hitchcock
920,Shana Feste
921,Steve Rash
922,Mike Binder
923,Michael J. Bassett
924,Frank Nissen
925,Stephen Chow
926,Peter Hastings
927,Paul Abascal
928,Chris Koch
929,Amy Heckerling
930,Michael Moore
931,George Stevens
932,Billy Ray
933,Mark Mylod
934,James Mather
935,Michael O. Sajbel
936,Charles T. Kanganis
937,Damon Santostefano
938,Bob Clark
939,Dave Borthwick
940,Benson Lee
941,Glen Morgan
942,Mike Leigh
943,Alejandro Monteverde
944,Jonathan Glazer
945,J.C. Chandor
946,Paul Gross
947,Marc Abraham
948,Todd Haynes
949,Mabrouk El Mechri
950,Charlie Kaufman
951,Nancy Walker
952,Angelo Pizzo
953,Matthew Diamond
954,Katsuhiro Ôtomo
955,David Anspaugh
956,Andrew Jarecki
957,Daniel Algrant
958,Julie Taymor
959,Jane Clark
960,Mike Barker
961,Wayne Thornley
962,Gnana Rajasekaran
963,Tom Walsh
964,Jonathan Jakubowicz
965,Scott Walker
966,Mark Rosman
967,Rob Hawk
968,Britt Allcroft
969,Alan Yuen
970,Brian Percival
971,Anand Tucker
972,Anthony Mann
973,Michael Dowse
974,Daniel Barnz
975,Emile Ardolino
976,Robert Altman
977,James Schamus
978,Andrew Douglas
979,George A. Romero
980,Ricky Gervais
981,Terry Zwigoff
982,Audrey Wells
983,Rick Friedberg
984,Sean McNamara
985,Jody Hill
986,Brandon Camp
987,Kevin Tancharoen
988,Nicholas Hytner
989,Bart Freundlich
990,William A. Fraker
991,John Boorman
992,Courtney Solomon
993,Jeff Kanew
994,István Szabó
995,Matthew Robbins
996,Hal Needham
997,Jeff Nichols
998,Jonathan Teplitzky
999,Michael Haneke
1000,Zack Ward
1001,Mike Marvin
1002,Gregor Jordan
1003,Tran Anh Hung
1004,Lance Hool
1005,Christian Volckman
1006,Jon Cassar
1007,Rodrigo Cortés
1008,David Hayter
1009,Cory Edwards
1010,Terry George
1011,Xavier Gens
1012,Kasi Lemmons
1013,Brian A Miller
1014,Matt Dillon
1015,George Cukor
1016,John Hoffman
1017,Kevin Greutert
1018,John Fortenberry
1019,Erik White
1020,Chris Robinson
1021,Jason Moore
1022,Robert Harmon
1023,Trent Cooper
1024,Gary Halvorson
1025,Nicholas Ray
1026,Fede Alvarez
1027,Sidney J. Furie
1028,Ian Iqbal Rashid
1029,Wayne Kramer
1030,Rowdy Herrington
1031,Jim Goddard
1032,Noel Marshall
1033,Andrea Di Stefano
1034,Guillaume Ivernel
1035,Jack Smight
1036,Todd Lincoln
1037,Howard Zieff
1038,Steven Shainberg
1039,Julian Jarrold
1040,Joe Nussbaum
1041,Vadim Perelman
1042,Peter Farrelly
1043,Michel Hazanavicius
1044,Cyrus Nowrasteh
1045,Perry Andelin Blake
1046,Christian E. Christiansen
1047,Sheldon Lettich
1048,Diane English
1049,Peter Flinth
1050,Jon Lucas
1051,Robert Iscove
1052,Peter Kosminsky
1053,Nick Gomez
1054,Vic Armstrong
1055,Allen Coulter
1056,Clare Kilner
1057,Josef Rusnak
1058,Lance Rivera
1059,Ronald Neame
1060,Bruce Paltrow
1061,Adam Rifkin
1062,Susanne Bier
1063,Kenneth Johnson
1064,James Ivory
1065,Jessy Terrero
1066,Dany Boon
1067,Vicente Amorim
1068,Gaspar Noé
1069,Jérôme Salle
1070,Tommy Lee Jones
1071,Jesse Vaughan
1072,William Bindley
1073,Wayne Beach
1074,Gérard Krawczyk
1075,Udayan Prasad
1076,JK Youn
1077,Morten Tyldum
1078,Andrés Muschietti
1079,Gillian Armstrong
1080,James Watkins
1081,Jim Fall
1082,Michael Dougherty
1083,Joel Gallen
1084,James Marsh
1085,Matt Williams
1086,Rick Rosenthal
1087,Denzel Washington
1088,Nicolas Winding Refn
1089,Sara Sugarman
1090,Juan Carlos Fresnadillo
1091,Gina Prince-Bythewood
1092,Phil Traill
1093,Joe Berlinger
1094,Elizabeth Allen Rosenbaum
1095,Michael Mayer
1096,Martin Weisz
1097,John Ottman
1098,John Bonito
1099,Peter Atencio
1100,David Nutter
1101,Derek Cianfrance
1102,Stephan Elliott
1103,Mark L. Lester
1104,Tom Green
1105,Mike Nawrocki
1106,Catherine Owens
1107,Douglas Aarniokoski
1108,Bryan Barber
1109,Lone Scherfig
1110,Drew Barrymore
1111,Brian Koppelman
1112,James Foley
1113,Albert Brooks
1114,Steve Gomer
1115,RZA
1116,Mark Piznarski
1117,Craig Brewer
1118,David Raynr
1119,Mort Nathan
1120,Wil Shriner
1121,Martin McDonagh
1122,Tina Gordon Chism
1123,Peter Cattaneo
1124,Vicky Jenson
1125,Mary Lambert
1126,Peter Kassovitz
1127,Rodman Flender
1128,Katja von Garnier
1129,Mark Romanek
1130,Brad Anderson
1131,Michael Chapman
1132,Antonio Banderas
1133,Khalil Sullins
1134,Fritz Lang
1135,Hsiao-Hsien Hou
1136,Andrey Zvyagintsev
1137,Tony Jaa
1138,Ryûhei Kitamura
1139,Darrell Roodt
1140,Dito Montiel
1141,Stefan Ruzowitzky
1142,Jake Paltrow
1143,Juraj Jakubisko
1144,Anthony Silverston
1145,Gabe Ibáñez
1146,Gerry Lively
1147,Daniele Luchetti
1148,Tung-Shing Yee
1149,Julien Temple
1150,Gregory Jacobs
1151,Gilles Paquet-Brenner
1152,Peter Cousens
1153,Lars von Trier
1154,John Blanchard
1155,John Cornell
1156,Vidhu Vinod Chopra
1157,Ole Bornedal
1158,Ted Kotcheff
1159,Jamie Blanks
1160,Randal Kleiser
1161,Bruce McCulloch
1162,Rick Famuyiwa
1163,Alan Cohn
1164,Franco Zeffirelli
1165,Tom Holland
1166,James Isaac
1167,Emilio Estevez
1168,Josh Schwartz
1169,Julian Schnabel
1170,Todd Field
1171,Davis Guggenheim
1172,Stephen Carpenter
1173,James Fargo
1174,Alain Resnais
1175,Chao-Bin Su
1176,Kenneth Lonergan
1177,Bo Zenga
1178,José Padilha
1179,Danny Leiner
1180,Christopher Cain
1181,Theodore Melfi
1182,Ed Decter
1183,Gene Quintano
1184,Eric Bress
1185,Preston A. Whitmore II
1186,Kirk Wong
1187,Bronwen Hughes
1188,John Lafia
1189,Sam Miller
1190,Alex Garland
1191,Mark Brown
1192,Michael Polish
1193,Daisy von Scherler Mayer
1194,Lenny Abrahamson
1195,Bob Saget
1196,John Waters
1197,Craig Bolotin
1198,Mark Christopher
1199,Blair Hayes
1200,Jez Butterworth
1201,Olivier Assayas
1202,Patrice Leconte
1203,Paul Mazursky
1204,Stephen Chbosky
1205,Jon Hess
1206,Joe Cornish
1207,John H. Lee
1208,John Stainton
1209,Benedek Fliegauf
1210,Stewart Hendler
1211,John Cromwell
1212,Mark Herman
1213,Abel Ferrara
1214,Ethan Maniquis
1215,George Hickenlooper
1216,Je-kyu Kang
1217,William Dear
1218,Stéphane Aubier
1219,John Badham
1220,Mike McCoy
1221,Mike Judge
1222,Nima Nourizadeh
1223,Franklin J. Schaffner
1224,John Erick Dowdle
1225,David Moreau
1226,Christopher Erskin
1227,Brian Henson
1228,Dan Cutforth
1229,Josh Boone
1230,Jake Schreier
1231,Cheryl Dunye
1232,Ernest R. Dickerson
1233,Lionel C. Martin
1234,Wallace Wolodarsky
1235,Nicholas Jarecki
1236,Dean Israelite
1237,Darnell Martin
1238,Scott Alexander
1239,Stuart Gordon
1240,Christopher Guest
1241,Jane Campion
1242,Fred Schepisi
1243,Antonia Bird
1244,Jon Poll
1245,Paolo Sorrentino
1246,Peter Care
1247,Chan-wook Park
1248,Ira Sachs
1249,Carroll Ballard
1250,Takeshi Kitano
1251,Marco Kreuzpaintner
1252,Lajos Koltai
1253,Alan Rudolph
1254,Chuan Lu
1255,Lijun Sun
1256,Takashi Yamazaki
1257,Christopher Smith
1258,Timothy Hines
1259,David Winters
1260,Akira Kurosawa
1261,Jamie Thraves
1262,Mabel Cheung
1263,Dan Mazer
1264,R.J. Cutler
1265,David S. Ward
1266,Rob Pritts
1267,John Crowley
1268,Brendan Malloy
1269,Dustin Hoffman
1270,Gregory Poirier
1271,Simon Curtis
1272,Dewey Nicks
1273,Philip Saville
1274,William A. Graham
1275,Martin Ritt
1276,John Turturro
1277,Agnieszka Holland
1278,David Hackl
1279,Giuliano Montaldo
1280,Lisa Azuelos
1281,Ray Lawrence
1282,Karan Johar
1283,Ruairi Robinson
1284,Jaume Balagueró
1285,Jon Kasdan
1286,Léa Pool
1287,Floyd Mutrux
1288,Sajid Khan
1289,Dean Wright
1290,Eric Lartigau
1291,Shintaro Shimosawa
1292,Darren Lynn Bousman
1293,James DeMonaco
1294,Ken Annakin
1295,Carol Reed
1296,Chuck Sheetz
1297,Marcus Raboy
1298,Leigh Whannell
1299,Michael Schultz
1300,Peter Sollett
1301,Bob Dolman
1302,Greg Coolidge
1303,David Lowery
1304,Ciarán Foy
1305,Salim Akil
1306,Olatunde Osunsanmi
1307,Leon Ichaso
1308,Joseph Zito
1309,Patricia Rozema
1310,Rob Schmidt
1311,Robert Ben Garant
1312,Morgan Spurlock
1313,Neal Brennan
1314,Tuck Tucker
1315,Theodore Witcher
1316,Jim Hanon
1317,Michael Patrick Jann
1318,Jorma Taccone
1319,Florian Henckel von Donnersmarck
1320,Jeff Lowell
1321,Lorene Scafaria
1322,Marcus Dunstan
1323,Timothy Björklund
1324,François Girard
1325,Scott Kalvert
1326,Jason Bateman
1327,David Schwimmer
1328,Allan Arkush
1329,Eric Bross
1330,Dan Fogelman
1331,Jay Duplass
1332,Luca Guadagnino
1333,John Putch
1334,Peter Medak
1335,Terence Davies
1336,Harley Cokeliss
1337,Tom Brady
1338,Jason Zada
1339,Noah Baumbach
1340,Eric Blakeney
1341,Rakesh Roshan
1342,Derrick Borte
1343,Richard Kwietniowski
1344,Bob Odenkirk
1345,Joshua Seftel
1346,Vincent Gallo
1347,Claude Chabrol
1348,Jon Stewart
1349,Bigas Luna
1350,Ralph Fiennes
1351,Dan Harris
1352,Mel Smith
1353,Bobcat Goldthwait
1354,Jake Scott
1355,Alan Metter
1356,Rafa Lara
1357,Arthur Hiller
1358,Michael Meredith
1359,Julio DePietro
1360,Katherine Dieckmann
1361,Kim Farrant
1362,Scott Marshall
1363,Álex de la Iglesia
1364,Andrew Traucki
1365,Michael Clancy
1366,Robert Adetuyi
1367,Kari Skogland
1368,Taedong Park
1369,Paul Schrader
1370,Benedikt Erlingsson
1371,Gurinder Chadha
1372,Jason Connery
1373,Vic Sarin
1374,Jim Issa
1375,William Phillips
1376,Andy Garcia
1377,Sarik Andreasyan
1378,Julian Gilbey
1379,Gary Sherman
1380,Valeri Milev
1381,Stanley Kramer
1382,Pedro Almodóvar
1383,Gerald Potterton
1384,Anurag Basu
1385,Kriv Stenders
1386,Yash Chopra
1387,Floria Sigismondi
1388,Ferzan Ozpetek
1389,Kris Isacsson
1390,Ben Younger
1391,Daniel Taplitz
1392,Tamara Jenkins
1393,Linda Mendoza
1394,Hart Bochner
1395,Stewart Raffill
1396,Hong-jin Na
1397,Chatrichalerm Yukol
1398,Dario Argento
1399,Eric Lavaine
1400,Marc Forby
1401,Scott Mann
1402,Ole Christian Madsen
1403,Meiert Avis
1404,André Téchiné
1405,Emily Young
1406,Peter Faiman
1407,Martyn Pick
1408,Roland Suso Richter
1409,Jeremy Sims
1410,Maïwenn
1411,Joby Harold
1412,Ekachai Uekrongtham
1413,Mark Rydell
1414,David E. Talbert
1415,Roger Vadim
1416,Nils Gaup
1417,Ari Sandel
1418,Vondie Curtis-Hall
1419,Tom Elkins
1420,Woo-Suk Kang
1421,Herbert Ross
1422,John Sayles
1423,Vipul Amrutlal Shah
1424,Ken Loach
1425,Ayan Mukerji
1426,John G. Avildsen
1427,Mervyn LeRoy
1428,Serdar Akar
1429,James Frawley
1430,Dan Gilroy
1431,Jonathan Dayton
1432,Chris Stokes
1433,Don Siegel
1434,Martin Lawrence
1435,Masayuki Ochiai
1436,Tom Gormican
1437,Ken Shapiro
1438,Justin Tipping
1439,Peter R. Hunt
1440,Doug Atchison
1441,Tamra Davis
1442,Jonas Elmer
1443,Mary Harron
1444,Erik Canuel
1445,Troy Duffy
1446,Nicole Holofcener
1447,Matty Rich
1448,Fina Torres
1449,Duke Johnson
1450,François Ozon
1451,Anna Boden
1452,Steve James
1453,Michael Winner
1454,Tomm Moore
1455,John Carney
1456,David Jacobson
1457,Michael Corrente
1458,Edward Hall
1459,Keith Gordon
1460,Andrew Currie
1461,Andrew Wilson
1462,Marc Schölermann
1463,Robert Moresco
1464,Thomas Vinterberg
1465,Claudia Llosa
1466,Charles Binamé
1467,Keith Parmer
1468,Ol Parker
1469,James Nunn
1470,David Webb Peoples
1471,Michael Winnick
1472,Stanley Tong
1473,David Oelhoffen
1474,Eli Roth
1475,Tony Richardson
1476,Charles Robert Carner
1477,Russell Holt
1478,Claude Miller
1479,Sacha Bennett
1480,Rodrigo García
1481,Jeta Amata
1482,Siddharth Anand
1483,Vincent Paronnaud
1484,Dennis Gansel
1485,Daniel Barber
1486,Robert Marcarelli
1487,Ernie Barbarash
1488,Guy Hamilton
1489,Adam Brooks
1490,Michael Anderson
1491,Don Kempf
1492,Matt Bettinelli-Olpin
1493,Rob Zombie
1494,Sharron Miller
1495,Aaron Schneider
1496,Tom Ford
1497,Tony Maylam
1498,Mitch Davis
1499,Kevin Brodie
1500,Lynne Ramsay
1501,John Stephenson
1502,Tim Chambers
1503,Dick Richards
1504,Bob Gosse
1505,Alex Zamm
1506,Spencer Susser
1507,Thaddeus O'Sullivan
1508,Shari Springer Berman
1509,Aleksey German
1510,Stephen Milburn Anderson
1511,Richard E. Grant
1512,David Lam
1513,Vladlen Barbe
1514,Richard Rich
1515,Robert C. Cooper
1516,Kim Nguyen
1517,Jackie Earle Haley
1518,Max Färberböck
1519,Arie Posin
1520,Damian Nieman
1521,Mark Tonderai
1522,Ian Fitzgibbon
1523,Rachel Perkins
1524,Luis Valdez
1525,Alan Alda
1526,Louis Morneau
1527,Caroline Link
1528,Sterling Van Wagenen
1529,Zal Batmanglij
1530,Hans Petter Moland
1531,Oren Moverman
1532,Ian Sharp
1533,Wolfgang Becker
1534,George Roy Hill
1535,Robert Stevenson
1536,Jerome Robbins
1537,Gary Hardwick
1538,King Vidor
1539,Fred Savage
1540,Sammo Kam-Bo Hung
1541,Rusty Cundieff
1542,Dominique Othenin-Girard
1543,Jean-Jacques Mantello
1544,Risa Bramon Garcia
1545,Brian Klugman
1546,Matt Piedmont
1547,Raymond De Felitta
1548,John Michael McDonagh
1549,Deb Hagan
1550,Zach Cregger
1551,Zach Braff
1552,Mark Tarlov
1553,John Cameron Mitchell
1554,Jon Knautz
1555,David Atkins
1556,Patrick Stettner
1557,Sam Peckinpah
1558,Michael Crichton
1559,Sylvio Tabet
1560,Rick Bieber
1561,Joey Lauren Adams
1562,Fred Zinnemann
1563,S.R. Bindler
1564,Greg Marcks
1565,Perry Lang
1566,Jake Goldberger
1567,William Kaufman
1568,Cédric Klapisch
1569,Kate Barker-Froyland
1570,Martin Koolhoven
1571,Charles Matthau
1572,Christopher M. Bessette
1573,Prachya Pinkaew
1574,Gary Sinyor
1575,Ashish R. Mohan
1576,Darren Grant
1577,Joseph Gordon-Levitt
1578,William Sachs
1579,Christophe Barratier
1580,Émile Gaudreault
1581,James Cox
1582,James Toback
1583,Aki Kaurismäki
1584,Hitoshi Matsumoto
1585,Rakeysh Omprakash Mehra
1586,Collin Schiffli
1587,George Ratliff
1588,Shane Meadows
1589,Jon Wright
1590,Michael McGowan
1591,Liv Ullmann
1592,Rohan Sippy
1593,Dan Trachtenberg
1594,David F. Sandberg
1595,Stiles White
1596,Joel Edgerton
1597,Eugenio Derbez
1598,Henry Koster
1599,Patty Jenkins
1600,Christopher Landon
1601,David Gelb
1602,Mike Flanagan
1603,Nat Faxon
1604,George Jackson
1605,Maurice Joyce
1606,Robert Duvall
1607,Frank Perry
1608,Jesse Peretz
1609,Ice Cube
1610,Tim Blake Nelson
1611,Richard Glatzer
1612,Michael Curtiz
1613,Bruce Malmuth
1614,Rob Hedden
1615,Harmony Korine
1616,Joe Chappelle
1617,Mickey Liddell
1618,Fred Walton
1619,Steve Carver
1620,Gonzalo López-Gallego
1621,Christine Jeffs
1622,Don Coscarelli
1623,Michael Tiddes
1624,Bill Duke
1625,Frank Borzage
1626,Mamoru Hosoda
1627,Brian Dannelly
1628,Denys Arcand
1629,J.S. Cardone
1630,Jay Levey
1631,Nicholaus Goossen
1632,Ronan Chapalain
1633,Xavier Beauvois
1634,Randall Miller
1635,Jerry Belson
1636,Dan Rush
1637,Michael Cuesta
1638,Fenton Bailey
1639,Jeremy Saulnier
1640,Billy Kent
1641,James Manera
1642,Feroz Abbas Khan
1643,Errol Morris
1644,Dennis Hopper
1645,Eli Craig
1646,Nicholas Fackler
1647,Richard Wallace
1648,Morgan J. Freeman
1649,Matthew Hastings
1650,Klaus Menzel
1651,Oren Peli
1652,Paul Andrew Williams
1653,Jim Amatulli
1654,William H. Macy
1655,Barrett Esposito
1656,Vicky Jewson
1657,Marc Bennett
1658,Mike Mayhall
1659,Stanton Barrett
1660,Jirí Menzel
1661,Fatih Akin
1662,Nick Murphy
1663,Frank LaLoggia
1664,Jeremy Brock
1665,Scott Foley
1666,Christophe Ali
1667,Gabriela Tagliavini
1668,Shekar
1669,Shona Auerbach
1670,Leonard Farlinger
1671,Michel Leclerc
1672,Analeine Cal y Mayor
1673,Tom Kalin
1674,Robert Sarkies
1675,John Huston
1676,Walter Lang
1677,Carlos Saura
1678,Andrew Erwin
1679,Beto Gómez
1680,Mike van Diem
1681,Jonas Åkerlund
1682,Todd Solondz
1683,René Féret
1684,Barry Skolnick
1685,Johnnie To
1686,Mateo Gil
1687,Lukas Moodysson
1688,Agnieszka Wojtowicz-Vosloo
1689,Kabir Sadanand
1690,Peter DeLuise
1691,Raja Menon
1692,Nick Love
1693,R. Balki
1694,Ivan Engler
1695,Cecil B. DeMille
1696,Henry Hobson
1697,Mike Figgis
1698,Duane Journey
1699,Dan O'Bannon
1700,Billy Wilder
1701,Lisa Cholodenko
1702,John Sturges
1703,William Arntz
1704,Ed Gass-Donnelly
1705,DJ Pooh
1706,James Melkonian
1707,Roger Avary
1708,Allison Anders
1709,Rick de Oliveira
1710,Jeff Franklin
1711,Mike Mills
1712,Dave McKean
1713,Ron Fricke
1714,Ruggero Deodato
1715,Gavin Wiesen
1716,Mora Stephens
1717,Mars Callahan
1718,Leos Carax
1719,Stefan Schwartz
1720,Robert Lee King
1721,Jorge Ramírez Suárez
1722,Dan Ireland
1723,Fernando León de Aranoa
1724,Jim Mickle
1725,Karim Aïnouz
1726,Sam Levinson
1727,Aleksandr Veledinskiy
1728,Peter H. Hunt
1729,Ruba Nadda
1730,Howard Hughes
1731,Edward Burns
1732,Sean Byrne
1733,Mark Griffiths
1734,Bruce Macdonald
1735,Victor Fleming
1736,Richard Raymond
1737,Alan Jacobs
1738,George Sidney
1739,Christopher Morris
1740,Andrucha Waddington
1741,Peter Stebbings
1742,Vincente Minnelli
1743,Dagur Kári
1744,Jim Abrahams
1745,Kevin Carraway
1746,Michael Gornick
1747,Richard Brooks
1748,Robert Eggers
1749,Michael Martin
1750,Gideon Raff
1751,Louis C.K.
1752,Anthony C. Ferrante
1753,Salvador Carrasco
1754,André Øvredal
1755,Robert Cary
1756,Adam Rapp
1757,Warren P. Sonoda
1758,Amanda Gusack
1759,Avi Nesher
1760,Charles Adelman
1761,Jay Oliva
1762,Charles Ferguson
1763,Mark Young
1764,Daniel Petrie Jr.
1765,Antonio Simoncini
1766,Luc Jacquet
1767,Eldar Rapaport
1768,Clark Gregg
1769,Damien Chazelle
1770,Justin Kerrigan
1771,Nathan Frankowski
1772,Karen Moncrieff
1773,Jennifer Finnigan
1774,Eric Styles
1775,Laurent Cantet
1776,John Ford
1777,Max Mayer
1778,Joshua Marston
1779,John Gulager
1780,Brandon Cronenberg
1781,Frank Capra
1782,Tod Williams
1783,Jack Sholder
1784,Ted Post
1785,Kunihiko Yuyama
1786,Tom McLoughlin
1787,Adam Marcus
1788,John Maclean
1789,Benny Boom
1790,Howard Hawks
1791,Nnegest Likké
1792,Christopher Leitch
1793,Patricia Cardoso
1794,Damien O'Donnell
1795,Peter M. Cohen
1796,Mel Stuart
1797,Anthony Hickox
1798,Tom Schulman
1799,Jill Sprecher
1800,Darren Stein
1801,David Nixon
1802,Jason Eisener
1803,Enrique Begne
1804,Matthew Bright
1805,Michael Landon Jr.
1806,Andrea Arnold
1807,Whit Stillman
1808,Leslye Headland
1809,Bobby Roth
1810,Tim Heidecker
1811,Kate Connor
1812,Deon Taylor
1813,Jason Alexander
1814,Conor McPherson
1815,Will Canon
1816,Philip Zlotorynski
1817,Lance Kawas
1818,Francesca Gregorini
1819,Marcio Garcia
1820,Craig Moss
1821,Michael Jai White
1822,Paolo Monico
1823,Youssef Delara
1824,Darin Scott
1825,Christian Sesma
1826,Monte Hellman
1827,Brian Caunter
1828,Chris D'Arienzo
1829,Isaac Florentine
1830,Susan Seidelman
1831,Heidi Ewing
1832,Leon Ford
1833,Hank Braxtan
1834,John Carl Buechler
1835,Rajkumar Hirani
1836,Victor Nunez
1837,Rohit Jugraj
1838,Thorbjørn Christoffersen
1839,Alex van Warmerdam
1840,Pawel Pawlikowski
1841,Frank Sebastiano
1842,Rand Ravich
1843,Stacy Peralta
1844,Nacho Vigalondo
1845,Hao Ning
1846,Tony Giglio
1847,Stanley Donen
1848,Joe Cross
1849,Dinesh D'Souza
1850,Tommy Lee Wallace
1851,Don Taylor
1852,Leslie Small
1853,Éric Tessier
1854,Alison Maclean
1855,Alice Wu
1856,Sarah Gavron
1857,Isabel Coixet
1858,James Ponsoldt
1859,Joshua Tickell
1860,Tim Boxell
1861,Michael D. Sellers
1862,Reed Cowan
1863,James Dodson
1864,Alex Rivera
1865,John Murlowski
1866,Benni Diez
1867,Danny Perez
1868,Robby Henson
1869,Zackary Adler
1870,Dominic Burns
1871,Carmen Marron
1872,Jerry Rees
1873,Jaco Booyens
1874,Danny Steinmann
1875,Jon Gunn
1876,Hayley Cloake
1877,Tay Garnett
1878,Shyam Madiraju
1879,Harmage Singh Kalirai
1880,Rita Merson
1881,William Wyler
1882,Larry Clark
1883,Petter Næss
1884,Robert Fontaine
1885,Dan Perri
1886,Neil Mcenery-West
1887,Anthony O'Brien
1888,Michael Herz
1889,David Robert Mitchell
1890,Robert Mulligan
1891,Chia-Liang Liu
1892,Chris Kentis
1893,Alex Kendrick
1894,Robert Rossen
1895,Jack Conway
1896,Sylvain Chomet
1897,Chris Eyre
1898,Elia Kazan
1899,Debra Granik
1900,Henry King
1901,Miranda July
1902,Max Joseph
1903,Jim Jarmusch
1904,Kevin Tenney
1905,Ari Folman
1906,Gary Rogers
1907,Marielle Heller
1908,David Sington
1909,Kelly Reichardt
1910,Bob Giraldi
1911,Huck Botko
1912,David Duchovny
1913,Mitchell Lichtenstein
1914,Lance Mungia
1915,Kundan Shah
1916,Hue Rhodes
1917,Jugal Hansraj
1918,Danny Provenzano
1919,Bill Muir
1920,Noah Buschel
1921,Brian Yuzna
1922,Hunter Richards
1923,Laurie Collyer
1924,Aaron Hann
1925,Phil Claydon
1926,Ralph Ziman
1927,John Simpson
1928,Colin Minihan
1929,Conor McMahon
1930,Chris Shadley
1931,Simon Napier-Bell
1932,Simon Yin
1933,Jeff Crook
1934,Orson Welles
1935,Dave Payne
1936,Brad Copeland
1937,Paul Bunnell
1938,Phil Morrison
1939,Harald Reinl
1940,Tanner Beard
1941,Scott Dow
1942,Derick Martini
1943,Jerry Dugan
1944,Tim Hunter
1945,Richard Ayoade
1946,Jehane Noujaim
1947,Pascal Arnold
1948,Remo
1949,John Laing
1950,Jamal Hill
1951,Daniel Stamm
1952,Carlos Carrera
1953,Benh Zeitlin
1954,J. Lee Thompson
1955,Maggie Greenwald
1956,Vera Farmiga
1957,Vijay Chandar
1958,Jonathan Wacks
1959,Khyentse Norbu
1960,Tony Krantz
1961,Mitchell Altieri
1962,W.D. Hogan
1963,Corey Grant
1964,Lucky McKee
1965,Richard Boddington
1966,David Hunt
1967,Steven R. Monroe
1968,Mark Illsley
1969,Ritesh Batra
1970,Sally Potter
1971,Brad J. Silverman
1972,Dave Meyers
1973,David M. Matthews
1974,Nadine Labaki
1975,Lluís Quílez
1976,Eytan Fox
1977,Romesh Sharma
1978,François Truffaut
1979,Adam Goldberg
1980,Travis Zariwny
1981,Adrienne Shelly
1982,Newt Arnold
1983,Alex Cox
1984,Fabián Bielinsky
1985,Dror Moreh
1986,Rebecca Miller
1987,Maggie Carey
1988,Henry Bean
1989,Simeon Rice
1990,Jeff Garlin
1991,Qasim Basir
1992,Adam Green
1993,Charles Chaplin
1994,Pete Jones
1995,Bruce Campbell
1996,Adam Carolla
1997,Bruce McDonald
1998,James Mottern
1999,Jaime Zevallos
2000,Gerard Johnstone
2001,Robert Greenwald
2002,David Ray
2003,Dave Rodriguez
2004,Nae Caranfil
2005,David Winning
2006,Frank Lotito
2007,Timothy Woodward Jr.
2008,Tara Subkoff
2009,Russell Friedenberg
2010,William Cottrell
2011,Lucrecia Martel
2012,Edward Dmytryk
2013,Zak Penn
2014,Alex Ranarivelo
2015,Mathieu Amalric
2016,David Worth
2017,Leslie H. Martinson
2018,Robert M. Young
2019,Steve Buscemi
2020,Ham Tran
2021,Rich Cowan
2022,Boris Rodriguez
2023,Sadyk Sher-Niyaz
2024,Paul Donovan
2025,Jonathan Kesselman
2026,Arjun Sablok
2027,Tyler Oliver
2028,Douglas Cheek
2029,Deryck Broom
2030,Henry Hathaway
2031,Giovanni Zelko
2032,Claudia Sainte-Luce
2033,Jamie Babbit
2034,David Boyd
2035,Anna Muylaert
2036,Steve Taylor
2037,Kurt Voss
2038,James David Pasternak
2039,Laurent Bouhnik
2040,Tom Sanchez
2041,David Caffrey
2042,Adam Jay Epstein
2043,Justin Thomas Ostensen
2044,Brenton Spencer
2045,Ossie Davis
2046,Jay Alaimo
2047,Dylan Bank
2048,Rob McKittrick
2049,Jeff Burr
2050,Harry Gantz
2051,Guy Maddin
2052,Regardt van den Bergh
2053,Panos Cosmatos
2054,Gareth Evans
2055,Matthew R. Anderson
2056,Joe Marino
2057,Joel Anderson
2058,Shimit Amin
2059,Douglas Trumbull
2060,Mona Fastvold
2061,Levan Gabriadze
2062,Bradley Parker
2063,Clive Barker
2064,Harold Cronk
2065,Takao Okawara
2066,Duncan Tucker
2067,Russ Meyer
2068,Robert D. Webb
2069,Allan Dwan
2070,Andrew Steggall
2071,Ben Lewin
2072,Robert Kenner
2073,Craig Johnson
2074,Sean Durkin
2075,Gillian Robespierre
2076,Courtney Hunt
2077,Morgan Neville
2078,Chris Paine
2079,Greg Berlanti
2080,Marc Levin
2081,Richard Dutcher
2082,Khalid Mohamed
2083,Finn Taylor
2084,José Luis Valenzuela
2085,Gia Coppola
2086,Scandar Copti
2087,Goran Dukic
2088,Mike Cahill
2089,Efram Potelle
2090,Joshua Oppenheimer
2091,Alex Gibney
2092,Paul Crowder
2093,Rohit Jagessar
2094,Anthony Powell
2095,Kief Davidson
2096,Johnny Remo
2097,Vivek Agnihotri
2098,Ti West
2099,Nick Tomnay
2100,Nickolas Perry
2101,Dan Zukovic
2102,Becky Smith
2103,Eric Nicholas
2104,Benjamin Dickinson
2105,Hal Haberman
2106,A. Raven Cruz
2107,Frank Whaley
2108,Amat Escalante
2109,Wajahat Rauf
2110,Katherine Brooks
2111,David Cross
2112,Randall Rubin
2113,Robert Bennett
2114,Mary Pat Kelly
2115,Lori Petty
2116,Charlie Levi
2117,Kevin Hamedani
2118,David DeCoteau
2119,Mikel Rueda
2120,Stefan C. Schaefer
2121,Michael Taliferro
2122,Katie Aselton
2123,Robert Heath
2124,D. Stevens
2125,Jeffrey St. Jules
2126,Robert Hall
2127,K. King
2128,Jonathan Meyers
2129,Ralph Nelson
2130,Blair Erickson
2131,Allison Burnett
2132,Richard Schenkman
2133,Sanjay Rawal
2134,Kat Coiro
2135,Cristian Mungiu
2136,Brian Dorton
2137,Maryam Keshavarz
2138,Ramaa Mosley
2139,Ric Roman Waugh
2140,C. Jay Cox
2141,Mariette Monpierre
2142,Tommy Oliver
2143,Jamie Travis
2144,Rich Christiano
2145,Natalie Bible'
2146,Asghar Farhadi
2147,Justin Molotnikov
2148,Georg Wilhelm Pabst
2149,Daniel Davila
2150,Jorge Gaggero
2151,Michael Burke
2152,Catherine Jelski
2153,Shane Dawson
2154,Ryan Little
2155,Clark Baker
2156,Matt Maiellaro
2157,Ben Wheatley
2158,Oliver Blackburn
2159,Christopher Hutson
2160,David LaChapelle
2161,Caryn Waechter
2162,Emily Dell
2163,Ryan Fleck
2164,Jennifer Wynne Farmer
2165,Christopher Scott Cherot
2166,H.M. Coakley
2167,Randy Moore
2168,Chris Atkins
2169,Bill Benenson
2170,Ryan Smith
2171,Travis Romero
2172,Anna Mastro
2173,Mark Sandrich
2174,Daniel Myrick
2175,Michael Wadleigh
2176,Gene Teigland
2177,Scott Ziehl
2178,Richard Montoya
2179,Johanna Schwartz
2180,William Gazecki
2181,Lance McDaniel
2182,Thomas Lilti
2183,Michael Walker
2184,U. Roberto Romano
2185,Amy Holden Jones
2186,Blaz Zavrsnik
2187,Pan Nalin
2188,Joe Camp
2189,Matt Walsh
2190,John 'Bud' Cardos
2191,Marilyn Agrelo
2192,Brian Baugh
2193,Patrick Creadon
2194,Barry W. Blaustein
2195,Kurt Hale
2196,Siddiq Barmak
2197,Joseph Dorman
2198,Greg Harrison
2199,Jacob Aaron Estes
2200,Eric Schaeffer
2201,Neema Barnette
2202,Joe Swanberg
2203,Molly Bernstein
2204,Marius A. Markevicius
2205,Tom DiCillo
2206,Quentin Dupieux
2207,Alex Smith
2208,Gareth Edwards
2209,Jonathan Parker
2210,Sol Tryon
2211,Alex Craig Mann
2212,Stephen Kijak
2213,Daston Kalili
2214,Michael Hoffman Jr.
2215,Patrick Gilles
2216,Georgia Hilton
2217,Jack Heller
2218,Fernando Baez Mella
2219,Warren Sheppard
2220,Justin Paul Miller
2221,Joel Paul Reisig
2222,Catherine Gund
2223,Luke Dye
2224,Alec Asten
2225,Hans Canosa
2226,Lloyd Kaufman
2227,Matthew Watts
2228,Lloyd Bacon
2229,Joe Kenemore
2230,Kay Pollak
2231,Eric England
2232,Sue Corcoran
2233,Jonathan Caouette
2234,Ray Griggs
2235,Matt Jackson
2236,Lucio Fulci
2237,Paul Fox
2238,Ari Kirschenbaum
2239,Cassandra Nicolaou
2240,Ingmar Bergman
2241,D.W. Griffith
2242,Roger Nygard
2243,Harry Beaumont
2244,Franck Khalfoun
2245,Mor Loushy
2246,Henry Alex Rubin
2247,Sam Firstenberg
2248,Doug Block
2249,Chad Kapper
2250,Paul Fierlinger
2251,Yorgos Lanthimos
2252,Lauren Lazin
2253,Gregory Widen
2254,Niall Johnson
2255,Eric Mendelsohn
2256,Jean-Luc Godard
2257,Florence Ayisi
2258,Michael Roemer
2259,Eddie O'Flaherty
2260,Babar Ahmed
2261,John D. Hancock
2262,Paul Bartel
2263,Bruce Dellis
2264,Pece Dingo
2265,Jerome Elston Scott
2266,Étienne Faure
2267,Herb Freed
2268,Jack Perez
2269,Craig Zobel
2270,Ken Del Conte
2271,Maria Maggenti
2272,Piyush Dinker Pandya
2273,Daniel Columbie
2274,Emma-Kate Croghan
2275,Bill Plympton
2276,Drake Doremus
2277,Al Franklin
2278,Michael Kang
2279,Lori Silverbush
2280,Stuart Hazeldine
2281,Hilary Brougher
2282,Rachel Goldenberg
2283,Corbin Bernsen
2284,Jamin Winans
2285,Tom Seidman
2286,Jason Naumann
2287,Matt Cimber
2288,Sam Martin
2289,Andrew Hyatt
2290,Dan Curtis
2291,Kristin Rizzo
2292,Ward Roberts
2293,Zoran Lisinac
2294,James O'Brien
2295,Tom Putnam
2296,Jon Shear
2297,Al Silliman Jr.
2298,Eugène Lourié
2299,Lowell Sherman
2300,Maurizio Benazzo
2301,David G. Evans
2302,Sherman Alexie
2303,Justin Dillon
2304,Stevan Mena
2305,Livingston Oden
2306,Chris Marker
2307,Carl Theodor Dreyer
2308,Marianna Palka
2309,Ricki Stern
2310,Nadia Tass
2311,James Kerwin
2312,C. Fraser Press
2313,Rania Attieh
2314,Sharon Greytak
2315,Majid Majidi
2316,Andrew Haigh
2317,Cary Bell
2318,Nicolae Constantin Tanase
2319,Jason Stone
2320,Melvin Van Peebles
2321,Ken Roht
2322,Robinson Devor
2323,Michel Orion Scott
2324,Pat Holden
2325,Eric Bugbee
2326,Bill Melendez
2327,Dena Seidel
2328,Deborah Anderson
2329,Sara Newens
2330,Sai Varadan
2331,Amal Al-Agroobi
2332,Andrew Berends
2333,Lynn Shelton
2334,Valentine
2335,David Hewlett
2336,Nate Parker
2337,Nathan Smith Jones
2338,Travis Cluff
2339,Harry F. Millarde
2340,Robert Townsend
2341,Jamaa Fanaka
2342,Larry Blamire
2343,Stephen Langford
2344,E.L. Katz
2345,Lisanne Pajot
2346,Dan Reed
2347,John Reinhardt
2348,Patrick Ryan Sims
2349,Laslo Benedek
2350,Jason Miller
2351,Dennis Iliadis
2352,Sut Jhally
2353,Julie Davis
2354,Myles Berkowitz
2355,Brett Piper
2356,Brandon Trost
2357,Joseph Green
2358,Wade Gasque
2359,Daniel Schechter
2360,Matt Johnson
2361,Bruno Barreto
2362,Lena Dunham
2363,Terron R. Parsons
2364,Daniel Mellitz
2365,Jem Cohen
2366,Andrew Leman
2367,Dave Carroll
2368,William Eubank
2369,Patrick Meaney
2370,Chad Hartigan
2371,Malcolm Goodwin
2372,Kevin Jordan
2373,Kirk Loudon
2374,Travis Legge
2375,Collin Joseph Neal
2376,Bradley Rust Gray
2377,Mike Bruce
2378,Andrew Bujalski
2379,Damir Catic
2380,James Bidgood
2381,Eric Eason
2382,Joseph Mazzella
2383,Marcus Nispel
2384,Brandon Landers
2385,Jim Chuchu
2386,Daryl Wein
2387,Jason Trost
2388,Jafar Panahi
2389,Ivan Kavanagh
2390,Kiyoshi Kurosawa
2391,Tadeo Garcia
2392,Thomas L. Phillips
2393,Ash Baron-Cohen
2394,Shane Carruth
2395,Neill Dela Llana
2396,Anthony Vallone
2397,Scott Smith
2398,Benjamin Roberds
2399,Daniel Hsia
