[{"SupplierID":1,"CompanyName":"Exotic Liquids","ContactName":"Charlotte Cooper","Phone":"(171) 555-2222"},{"SupplierID":2,"CompanyName":"New Orleans Cajun Delights","ContactName":"Shelley Burke","Phone":"(100) 555-4822"},{"SupplierID":3,"CompanyName":"Grandma Kelly's Homestead","ContactName":"Regina Murphy","Phone":"(313) 555-5735"},{"SupplierID":4,"CompanyName":"Tokyo Traders","ContactName":"Yoshi Nagase","Phone":"(03) 3555-5011"},{"SupplierID":5,"CompanyName":"Cooperativa de Quesos 'Las Cabras'","ContactName":"Antonio del Valle Saavedra","Phone":"(98) 598 76 54"},{"SupplierID":6,"CompanyName":"Mayumi's","ContactName":"Mayumi Ohno","Phone":"(06) 431-7877"},{"SupplierID":7,"CompanyName":"Pavlova, Ltd.","ContactName":"Ian Devling","Phone":"(03) 444-2343"},{"SupplierID":8,"CompanyName":"Specialty Biscuits, Ltd.","ContactName":"Peter Wilson","Phone":"(161) 555-4448"},{"SupplierID":9,"CompanyName":"PB Knäckebröd AB","ContactName":"Lars Peterson","Phone":"031-987 65 43"},{"SupplierID":10,"CompanyName":"Refrescos Americanas LTDA","ContactName":"Carlos Diaz","Phone":"(11) 555 4640"},{"SupplierID":11,"CompanyName":"Heli Süßwaren GmbH & Co. KG","ContactName":"Petra Winkler","Phone":"(010) 9984510"},{"SupplierID":12,"CompanyName":"Plutzer Lebensmittelgroßmärkte AG","ContactName":"Martin Bein","Phone":"(069) 992755"},{"SupplierID":13,"CompanyName":"Nord-Ost-Fisch Handelsgesellschaft mbH","ContactName":"Sven Petersen","Phone":"(04721) 8713"},{"SupplierID":14,"CompanyName":"Formaggi Fortini s.r.l.","ContactName":"Elio Rossi","Phone":"(0544) 60323"},{"SupplierID":15,"CompanyName":"Norske Meierier","ContactName":"Beate Vileid","Phone":"(0)2-953010"},{"SupplierID":16,"CompanyName":"Bigfoot Breweries","ContactName":"Cheryl Saylor","Phone":"(503) 555-9931"},{"SupplierID":17,"CompanyName":"Svensk Sjöföda AB","ContactName":"Michael Björn","Phone":"08-123 45 67"},{"SupplierID":18,"CompanyName":"Aux joyeux ecclésiastiques","ContactName":"Guylène Nodier","Phone":"(1) 03.83.00.68"},{"SupplierID":19,"CompanyName":"New England Seafood Cannery","ContactName":"Robb Merchant","Phone":"(617) 555-3267"},{"SupplierID":20,"CompanyName":"Leka Trading","ContactName":"Chandra Leka","Phone":"555-8787"},{"SupplierID":21,"CompanyName":"Lyngbysild","ContactName":"Niels Petersen","Phone":"43844108"},{"SupplierID":22,"CompanyName":"Zaanse Snoepfabriek","ContactName":"Dirk Luchte","Phone":"(12345) 1212"},{"SupplierID":23,"CompanyName":"Karkki Oy","ContactName":"Anne Heikkonen","Phone":"(953) 10956"},{"SupplierID":24,"CompanyName":"G'day, Mate","ContactName":"Wendy Mackenzie","Phone":"(02) 555-5914"},{"SupplierID":25,"CompanyName":"Ma Maison","ContactName":"Jean-Guy Lauzon","Phone":"(514) 555-9022"},{"SupplierID":26,"CompanyName":"Pasta Buttini s.r.l.","ContactName":"Giovanni Giudici","Phone":"(089) 6547665"},{"SupplierID":27,"CompanyName":"Escargots Nouveaux","ContactName":"Marie Delamare","Phone":"85.57.00.07"},{"SupplierID":28,"CompanyName":"Gai pâturage","ContactName":"Eliane Noz","Phone":"38.76.98.06"},{"SupplierID":29,"CompanyName":"Forêts d'érables","ContactName":"Chantal Goulet","Phone":"(514) 555-2955"}]